<?xml version="1.0" encoding="UTF-8"?><rss version="2.0"
	xmlns:content="http://purl.org/rss/1.0/modules/content/"
	xmlns:dc="http://purl.org/dc/elements/1.1/"
	xmlns:atom="http://www.w3.org/2005/Atom"
	xmlns:sy="http://purl.org/rss/1.0/modules/syndication/"
	
	>
<channel>
	<title>
	Comentários sobre Protótipo	</title>
	<atom:link href="./index.html" rel="self" type="application/rss+xml" />
	<link>./../../index.html</link>
	<description>Só mais um site WordPress</description>
	<lastBuildDate>Sun, 29 May 2022 18:39:54 +0000</lastBuildDate>
	<sy:updatePeriod>
	hourly	</sy:updatePeriod>
	<sy:updateFrequency>
	1	</sy:updateFrequency>
	<generator>https://wordpress.org/?v=5.9.3</generator>
	<item>
		<title>
		Comentário sobre Olá, mundo! por Um comentarista do WordPress		</title>
		<link>./../../2022/05/29/ola-mundo/index.html#comment-1</link>

		<dc:creator><![CDATA[Um comentarista do WordPress]]></dc:creator>
		<pubDate>Sun, 29 May 2022 18:39:54 +0000</pubDate>
		<guid isPermaLink="false">./../../index.html?p=1#comment-1</guid>

					<description><![CDATA[Olá, isso é um comentário.
Para começar a moderar, editar e excluir comentários, visite a tela de Comentários no painel.
Avatares de comentaristas vêm a partir do &lt;a href=&quot;https://gravatar.com&quot;&gt;Gravatar&lt;/a&gt;.]]></description>
			<content:encoded><![CDATA[<p>Olá, isso é um comentário.<br />
Para começar a moderar, editar e excluir comentários, visite a tela de Comentários no painel.<br />
Avatares de comentaristas vêm a partir do <a href="https://gravatar.com/">Gravatar</a>.</p>
]]></content:encoded>
		
			</item>
	</channel>
</rss>
